


INSERT INTO Client VALUES(1,'CROS','Arnaud');
INSERT INTO Client VALUES(2,'LE PALUD','Valentin');
INSERT INTO Client VALUES(3,'PAPAIX','Lucie');
INSERT INTO Client VALUES(4,'SOUFFLET','Amadeo');
INSERT INTO Client VALUES(5,'LAI KINE ','Johan');
INSERT INTO Client VALUES(6,'HUC ','Quentin');
INSERT INTO Client VALUES(7,'BERTRAND','Melvin');
INSERT INTO Client VALUES(8,'BAINS','Anais');
INSERT INTO Client VALUES(9,'BEAU','Mélanie');
 
INSERT INTO Modele VALUES('serie 5','BMW', 6);
INSERT INTO Modele VALUES('serie 2','BMW', 8);
INSERT INTO Modele VALUES('serie 3','BMW', 10);
INSERT INTO Modele VALUES('serie 4','BMW', 12);
INSERT INTO Modele VALUES('Daimler Conquest','Daimler', 10);
INSERT INTO Modele VALUES('Daimler Saloon','Daimler', 14);
INSERT INTO Modele VALUES('Daimler Sp 250','Daimler', 15);
INSERT INTO Modele VALUES('Rolls Royce Dawn','ROLLS ROYCE', 16);
INSERT INTO Modele VALUES('Rolls Royce Phantom','ROLLS ROYCE', 20);
INSERT INTO Modele VALUES('Rolls Royce Wraith','ROLLS ROYCE', 30);
INSERT INTO Modele VALUES('488 GTB','Ferrari', 30);
INSERT INTO Modele VALUES('488 Spider','Ferrari', 30);
INSERT INTO Modele VALUES('488 SuperFast','Ferrari', 40);
INSERT INTO Modele VALUES('2CV','Citroen', 2);
INSERT INTO Modele VALUES('4CV','Citroen', 4);
INSERT INTO Modele VALUES('AMI6','Citroen', 4);
INSERT INTO Modele VALUES('403','Peugeot', 4);
INSERT INTO Modele VALUES('103','Peugeot', 4);
INSERT INTO Modele VALUES('A6','Audi', 10);
INSERT INTO Modele VALUES('A4','Audi',12);
INSERT INTO Modele VALUES('Clio','Renault', 5);
INSERT INTO Modele VALUES('megane','Renault', 5);
INSERT INTO Modele VALUES('Quashqai', 'Nissan',6);

INSERT INTO Vehicule VALUES('ABV 15 VD','serie 5');
INSERT INTO Vehicule VALUES('ABV 15 Vy','serie 2');
INSERT INTO Vehicule VALUES('ABu 15 Vt','serie 3');
INSERT INTO Vehicule VALUES('AyV 15 Vo','serie 4');
INSERT INTO Vehicule VALUES('GBH 12 KU','Daimler Conquest');
INSERT INTO Vehicule VALUES('GBH 12 KP','Daimler Saloon');
INSERT INTO Vehicule VALUES('GBH 12 KL','Daimler Sp 250');
INSERT INTO Vehicule VALUES('ROLL 57 PE','Rolls Royce Dawn');
INSERT INTO Vehicule VALUES('ROLL 57 PP','Rolls Royce Phantom');
INSERT INTO Vehicule VALUES('ROLL 57 PM','Rolls Royce Wraith');
INSERT INTO Vehicule VALUES('PLU 56 UY','488 GTB');
INSERT INTO Vehicule VALUES('PLB 56 RE','488 Spider');
INSERT INTO Vehicule VALUES('FER 35 GT','488 SuperFast');
INSERT INTO Vehicule VALUES('POR 29 Gp','2CV');
INSERT INTO Vehicule VALUES('POU 29 pl','4CV');
INSERT INTO Vehicule VALUES('LKJ 29 ml','403');
INSERT INTO Vehicule VALUES('Pui 29 PL','A6');
INSERT INTO Vehicule VALUES('TRD 56 FR','A4');
INSERT INTO Vehicule VALUES('LHF 29 FE','Clio');
INSERT INTO Vehicule VALUES('LHJ 28 Fj','Clio');
INSERT INTO Vehicule VALUES('LHF 11 Ff','Clio');
INSERT INTO Vehicule VALUES('LHH 54 FS','Clio');
INSERT INTO Vehicule VALUES('QQA 81 QS','Quashqai');


INSERT INTO Alquiler VALUES(1,'FER 35 GT',2);
INSERT INTO Alquiler VALUES(1,'PLU 56 UY',4);
INSERT INTO Alquiler VALUES(1,'GBH 12 KU',null);
INSERT INTO Alquiler VALUES(2,'LKJ 29 ml',5);
INSERT INTO Alquiler VALUES(2,'FER 35 GT',5);
INSERT INTO Alquiler VALUES(3,'ROLL 57 PE',3);
INSERT INTO Alquiler VALUES(3,'ROLL 57 PP',10);
INSERT INTO Alquiler VALUES(3,'ROLL 57 PM',15);
INSERT INTO Alquiler VALUES(4,'Pui 29 PL',10);
INSERT INTO Alquiler VALUES(4,'ABV 15 VD',7);
INSERT INTO Alquiler VALUES(4,'GBH 12 KP',21);
INSERT INTO Alquiler VALUES(4,'ROLL 57 PM',11);
INSERT INTO Alquiler VALUES(4,'PLB 56 RE',6);
INSERT INTO Alquiler VALUES(4,'POR 29 Gp',5);
INSERT INTO Alquiler VALUES(4,'LKJ 29 ml',2);
INSERT INTO Alquiler VALUES(4,'LHH 54 FS',4);
INSERT INTO Alquiler VALUES(5,'Pui 29 PL',11);
INSERT INTO Alquiler VALUES(5,'FER 35 GT',5);
INSERT INTO Alquiler VALUES(5,'PLU 56 UY',null);
INSERT INTO Alquiler VALUES(5,'PLB 56 RE',5);
INSERT INTO Alquiler VALUES(5,'ROLL 57 PM',5);
INSERT INTO Alquiler VALUES(6,'AyV 15 Vo',7);
INSERT INTO Alquiler VALUES(6,'Pui 29 PL',8);
INSERT INTO Alquiler VALUES(7,'Pui 29 PL',17);
INSERT INTO Alquiler VALUES(7,'LHH 54 FS',5);
INSERT INTO Alquiler VALUES(8,'LHF 11 Ff',5);
INSERT INTO Alquiler VALUES(8,'TRD 56 FR',7);